<externalLink xmlns="http://namespaces.CentraSite.com/Schema/jaxr" validateURI="false" crt="2018-08-13T11:08:46.763+05:30" mod="2018-08-13T11:08:46.763+05:30">
  <key v2Key="25f42f0e-9ebb-11e8-aa87-82fd4349e279">uddi:25f42f0e-9ebb-11e8-aa87-82fd4349e279</key>
  <owner>uddi:f7e07130-1e2c-11e0-a2b6-94de0f30a4a4</owner>
  <description>
    <localString xml:lang="en-US">ExtrinsicObject data</localString>
  </description>
  <submittingOrganization>uddi:207ff1cc-25c5-544c-415c-5d98ea91060c</submittingOrganization>
  <classifications>
    <classification crt="2018-08-13T11:08:46.763+05:30" mod="2018-08-13T11:08:46.763+05:30">
      <key v2Key="25f42f0e-9ebb-11e8-aa87-fff77f7f364b">uddi:25f42f0e-9ebb-11e8-aa87-fff77f7f364b</key>
      <owner>uddi:f7e07130-1e2c-11e0-a2b6-94de0f30a4a4</owner>
      <classifiedObject>uddi:25f42f0e-9ebb-11e8-aa87-82fd4349e279</classifiedObject>
      <concept>uddi:3d04a810-866d-9b48-0307-6b60d89fb0e1</concept>
    </classification>
  </classifications>
  <externalURI>/projects/CentraSite/ExtrinsicObjects/uddi_25f1e51e-9ebb-11e8-aa87-f293f62b086a.dat</externalURI>
</externalLink>