<auditableEvent xmlns="http://namespaces.CentraSite.com/Schema/jaxr">
  <key>uddi:28bfc173-9c8f-11e8-80a4-f6057f81b4a8</key>
  <owner>uddi:f7e07130-1e2c-11e0-a2b6-94de0f30a4a4</owner>
  <registryObject>uddi:f715c4b4-9c8d-11e8-ad63-95d172377927</registryObject>
  <eventType>LCSTATECHANGE</eventType>
  <timeStamp>2018-08-10T16:48:51.271+05:30</timeStamp>
  <instanceSlots>
    <Comment xmlns="">Lifecycle state changed from "New" to "Productive"</Comment>
    <previousLCState xmlns="http://namespaces.CentraSite.com/Schema">uddi:d1659719-14f2-11dd-860f-fcdce996062d</previousLCState>
    <nextLCState xmlns="http://namespaces.CentraSite.com/Schema">uddi:d14dc959-14f2-11dd-860f-ab4a1ad07007</nextLCState>
  </instanceSlots>
</auditableEvent>