<auditableEvent xmlns="http://namespaces.CentraSite.com/Schema/jaxr">
  <key>uddi:6f5a4806-9c91-11e8-8320-92b304fd477c</key>
  <owner>uddi:f7e07130-1e2c-11e0-a2b6-94de0f30a4a4</owner>
  <registryObject>uddi:f715c4b4-9c8d-11e8-ad63-95d172377927</registryObject>
  <eventType>LCSTATECHANGE</eventType>
  <timeStamp>2018-08-10T17:05:08.717+05:30</timeStamp>
  <instanceSlots>
    <Comment xmlns="">Lifecycle state changed from "Productive" to "Suspended"</Comment>
    <previousLCState xmlns="http://namespaces.CentraSite.com/Schema">uddi:d14dc959-14f2-11dd-860f-ab4a1ad07007</previousLCState>
    <nextLCState xmlns="http://namespaces.CentraSite.com/Schema">uddi:d15e6b29-14f2-11dd-860f-a0f3f1ffa371</nextLCState>
  </instanceSlots>
</auditableEvent>