<PolicyParameter xmlns="http://namespaces.CentraSite.com/Schema" xmlns:cs="http://namespaces.CentraSite.com/Schema/jaxr" crt="2018-08-10T17:07:06.305+05:30" mod="2018-08-10T17:07:06.305+05:30">
  <cs:key v2Key="b570c946-9c91-11e8-8320-cc0b741547ab">uddi:b570c946-9c91-11e8-8320-cc0b741547ab</cs:key>
  <cs:owner>uddi:f7e07130-1e2c-11e0-a2b6-94de0f30a4a4</cs:owner>
  <cs:name>
    <cs:localString xml:lang="en-US">SSN Taxonomy Node</cs:localString>
  </cs:name>
  <cs:submittingOrganization>uddi:207ff1cc-25c5-544c-415c-5d98ea91060c</cs:submittingOrganization>
  <cs:associations>
    <cs:association confirmedBySourceOwner="true" confirmedByTargetOwner="true" crt="2018-08-10T17:07:06.305+05:30" mod="2018-08-10T17:07:06.305+05:30">
      <cs:key v2Key="b570c946-9c91-11e8-8320-ebf5ce352f67">uddi:b570c946-9c91-11e8-8320-ebf5ce352f67</cs:key>
      <cs:owner>uddi:f7e07130-1e2c-11e0-a2b6-94de0f30a4a4</cs:owner>
      <cs:associationType>uddi:c3558cb9-574b-352b-77ca-de4390edd2e8</cs:associationType>
      <cs:sourceObject>uddi:b570c946-9c91-11e8-8320-cc0b741547ab</cs:sourceObject>
      <cs:targetObject>uddi:1c4c0a72-9c8c-11e8-ad63-e1b4463401e3</cs:targetObject>
    </cs:association>
    <cs:association confirmedBySourceOwner="true" confirmedByTargetOwner="true" crt="2018-08-10T17:07:06.305+05:30" mod="2018-08-10T17:07:06.305+05:30">
      <cs:key v2Key="b570c946-9c91-11e8-8320-aaed9ae5464f">uddi:b570c946-9c91-11e8-8320-aaed9ae5464f</cs:key>
      <cs:owner>uddi:f7e07130-1e2c-11e0-a2b6-94de0f30a4a4</cs:owner>
      <cs:associationType>uddi:6a003c8f-9c16-f387-c674-0ea93a99dc87</cs:associationType>
      <cs:sourceObject>uddi:b570c946-9c91-11e8-8320-cc0b741547ab</cs:sourceObject>
      <cs:targetObject>uddi:8c0a1c43-9c8e-11e8-80a4-fde0251400d5</cs:targetObject>
    </cs:association>
  </cs:associations>
  <cs:classifications>
    <cs:classification crt="2018-08-10T17:07:06.305+05:30" mod="2018-08-10T17:07:06.305+05:30">
      <cs:key v2Key="b570c946-9c91-11e8-8320-a47a30d1368c">uddi:b570c946-9c91-11e8-8320-a47a30d1368c</cs:key>
      <cs:owner>uddi:f7e07130-1e2c-11e0-a2b6-94de0f30a4a4</cs:owner>
      <cs:classifiedObject>uddi:b570c946-9c91-11e8-8320-cc0b741547ab</cs:classifiedObject>
      <cs:concept>uddi:2a75b387-6f7b-11dd-9440-b42f99d4f7fb</cs:concept>
    </cs:classification>
  </cs:classifications>
  <cs:majorVersion>1</cs:majorVersion>
  <cs:minorVersion>0</cs:minorVersion>
  <cs:stability>DYNAMIC</cs:stability>
  <cs:status>SUBMITTED</cs:status>
</PolicyParameter>