<PolicyAction xmlns="http://namespaces.CentraSite.com/Schema" xmlns:cs="http://namespaces.CentraSite.com/Schema/jaxr" crt="2018-08-10T16:26:09.562+05:30" mod="2018-08-13T11:08:47.14+05:30">
  <cs:key v2Key="fd1b6bf2-9c8b-11e8-ad63-d598b5777332">uddi:fd1b6bf2-9c8b-11e8-ad63-d598b5777332</cs:key>
  <cs:owner>uddi:f7e07130-1e2c-11e0-a2b6-94de0f30a4a4</cs:owner>
  <cs:name>
    <cs:localString xml:lang="en-US">SSN Classifier For REST APIs</cs:localString>
  </cs:name>
  <cs:description>
    <cs:localString xml:lang="en-US"/>
  </cs:description>
  <cs:submittingOrganization>uddi:207ff1cc-25c5-544c-415c-5d98ea91060c</cs:submittingOrganization>
  <cs:associations>
    <cs:association confirmedBySourceOwner="true" confirmedByTargetOwner="true" crt="2018-08-10T16:27:01.973+05:30" mod="2018-08-10T16:27:01.973+05:30">
      <cs:key v2Key="1c4f17b2-9c8c-11e8-ad63-e268d807d8cb">uddi:1c4f17b2-9c8c-11e8-ad63-e268d807d8cb</cs:key>
      <cs:owner>uddi:f7e07130-1e2c-11e0-a2b6-94de0f30a4a4</cs:owner>
      <cs:associationType>uddi:d3383a3f-77eb-11dd-bc9f-f5e630ebcf5d</cs:associationType>
      <cs:sourceObject>uddi:fd1b6bf2-9c8b-11e8-ad63-d598b5777332</cs:sourceObject>
      <cs:targetObject>uddi:1c4be362-9c8c-11e8-ad63-f17174305b72</cs:targetObject>
    </cs:association>
    <cs:association confirmedBySourceOwner="true" confirmedByTargetOwner="true" crt="2018-08-10T16:27:01.973+05:30" mod="2018-08-10T16:27:01.973+05:30">
      <cs:key v2Key="1c4f17b2-9c8c-11e8-ad63-bf48d8bc2e53">uddi:1c4f17b2-9c8c-11e8-ad63-bf48d8bc2e53</cs:key>
      <cs:owner>uddi:f7e07130-1e2c-11e0-a2b6-94de0f30a4a4</cs:owner>
      <cs:associationType>uddi:d3383a3f-77eb-11dd-bc9f-f5e630ebcf5d</cs:associationType>
      <cs:sourceObject>uddi:fd1b6bf2-9c8b-11e8-ad63-d598b5777332</cs:sourceObject>
      <cs:targetObject>uddi:1c4c0a72-9c8c-11e8-ad63-e1b4463401e3</cs:targetObject>
    </cs:association>
    <cs:association confirmedBySourceOwner="true" confirmedByTargetOwner="true" crt="2018-08-10T17:06:31.52+05:30" mod="2018-08-10T17:06:31.52+05:30">
      <cs:key v2Key="a0aacb06-9c91-11e8-8320-ed4f77f97915">uddi:a0aacb06-9c91-11e8-8320-ed4f77f97915</cs:key>
      <cs:owner>uddi:f7e07130-1e2c-11e0-a2b6-94de0f30a4a4</cs:owner>
      <cs:associationType>uddi:750a686a-015f-11dd-9919-bdfe2f7c72a1</cs:associationType>
      <cs:sourceObject>uddi:fd1b6bf2-9c8b-11e8-ad63-d598b5777332</cs:sourceObject>
      <cs:targetObject>uddi:4bfe8ff6-5748-11df-8f93-e10301966579</cs:targetObject>
    </cs:association>
    <cs:association confirmedBySourceOwner="true" confirmedByTargetOwner="true" crt="2018-08-13T11:08:47.14+05:30" mod="2018-08-13T11:08:47.14+05:30">
      <cs:key v2Key="260015ee-9ebb-11e8-aa87-d81116a3a7d4">uddi:260015ee-9ebb-11e8-aa87-d81116a3a7d4</cs:key>
      <cs:owner>uddi:f7e07130-1e2c-11e0-a2b6-94de0f30a4a4</cs:owner>
      <cs:associationType>uddi:490b05dd-5834-2ec1-4c9f-fb4d38464a44</cs:associationType>
      <cs:sourceObject>uddi:fd1b6bf2-9c8b-11e8-ad63-d598b5777332</cs:sourceObject>
      <cs:targetObject>uddi:25f1e51e-9ebb-11e8-aa87-f293f62b086a</cs:targetObject>
    </cs:association>
  </cs:associations>
  <cs:classifications>
    <cs:classification crt="2018-08-10T16:26:09.562+05:30" mod="2018-08-10T16:26:09.562+05:30">
      <cs:key v2Key="fd1b6bf2-9c8b-11e8-ad63-b5c769990756">uddi:fd1b6bf2-9c8b-11e8-ad63-b5c769990756</cs:key>
      <cs:owner>uddi:f7e07130-1e2c-11e0-a2b6-94de0f30a4a4</cs:owner>
      <cs:classifiedObject>uddi:fd1b6bf2-9c8b-11e8-ad63-d598b5777332</cs:classifiedObject>
      <cs:concept>uddi:a60e5be7-6f6d-11dd-9440-d18be582f12b</cs:concept>
    </cs:classification>
    <cs:classification crt="2018-08-10T16:26:09.562+05:30" mod="2018-08-10T16:26:09.562+05:30">
      <cs:key v2Key="fd1b9302-9c8b-11e8-ad63-cee11069807a">uddi:fd1b9302-9c8b-11e8-ad63-cee11069807a</cs:key>
      <cs:owner>uddi:f7e07130-1e2c-11e0-a2b6-94de0f30a4a4</cs:owner>
      <cs:classifiedObject>uddi:fd1b6bf2-9c8b-11e8-ad63-d598b5777332</cs:classifiedObject>
      <cs:concept>uddi:ec0a5f62-9c8b-11e8-ad63-d436a9b889a2</cs:concept>
    </cs:classification>
    <cs:classification crt="2018-08-10T17:06:31.52+05:30" mod="2018-08-10T17:06:31.52+05:30">
      <cs:key v2Key="a0a63726-9c91-11e8-8320-a3594a9a9016">uddi:a0a63726-9c91-11e8-8320-a3594a9a9016</cs:key>
      <cs:owner>uddi:f7e07130-1e2c-11e0-a2b6-94de0f30a4a4</cs:owner>
      <cs:classifiedObject>uddi:fd1b6bf2-9c8b-11e8-ad63-d598b5777332</cs:classifiedObject>
      <cs:concept>uddi:3ed21178-750a-11dd-b203-806df36d1ef5</cs:concept>
    </cs:classification>
    <cs:classification crt="2018-08-10T17:06:31.52+05:30" mod="2018-08-10T17:06:31.52+05:30">
      <cs:key v2Key="a0aacb06-9c91-11e8-8320-fc1b6fa54592">uddi:a0aacb06-9c91-11e8-8320-fc1b6fa54592</cs:key>
      <cs:owner>uddi:f7e07130-1e2c-11e0-a2b6-94de0f30a4a4</cs:owner>
      <cs:classifiedObject>uddi:fd1b6bf2-9c8b-11e8-ad63-d598b5777332</cs:classifiedObject>
      <cs:concept>uddi:dc73d648-7508-11dd-b203-c1002cdcdc11</cs:concept>
    </cs:classification>
  </cs:classifications>
  <cs:majorVersion>1</cs:majorVersion>
  <cs:minorVersion>0</cs:minorVersion>
  <cs:stability>DYNAMIC</cs:stability>
  <cs:status>SUBMITTED</cs:status>
</PolicyAction>