<PolicyParameter xmlns="http://namespaces.CentraSite.com/Schema" xmlns:cs="http://namespaces.CentraSite.com/Schema/jaxr" crt="2018-08-10T17:07:06.286+05:30" mod="2018-08-10T17:07:06.286+05:30">
  <cs:key v2Key="b56de316-9c91-11e8-8320-d335070d48a3">uddi:b56de316-9c91-11e8-8320-d335070d48a3</cs:key>
  <cs:owner>uddi:f7e07130-1e2c-11e0-a2b6-94de0f30a4a4</cs:owner>
  <cs:name>
    <cs:localString xml:lang="en-US">SSN Keywords</cs:localString>
  </cs:name>
  <cs:submittingOrganization>uddi:207ff1cc-25c5-544c-415c-5d98ea91060c</cs:submittingOrganization>
  <cs:associations>
    <cs:association confirmedBySourceOwner="true" confirmedByTargetOwner="true" crt="2018-08-10T17:07:06.286+05:30" mod="2018-08-10T17:07:06.286+05:30">
      <cs:key v2Key="b56ecd76-9c91-11e8-8320-f736aa1bf223">uddi:b56ecd76-9c91-11e8-8320-f736aa1bf223</cs:key>
      <cs:owner>uddi:f7e07130-1e2c-11e0-a2b6-94de0f30a4a4</cs:owner>
      <cs:associationType>uddi:c3558cb9-574b-352b-77ca-de4390edd2e8</cs:associationType>
      <cs:sourceObject>uddi:b56de316-9c91-11e8-8320-d335070d48a3</cs:sourceObject>
      <cs:targetObject>uddi:1c4be362-9c8c-11e8-ad63-f17174305b72</cs:targetObject>
    </cs:association>
  </cs:associations>
  <cs:classifications>
    <cs:classification crt="2018-08-10T17:07:06.286+05:30" mod="2018-08-10T17:07:06.286+05:30">
      <cs:key v2Key="b56de316-9c91-11e8-8320-aa7d3f63830f">uddi:b56de316-9c91-11e8-8320-aa7d3f63830f</cs:key>
      <cs:owner>uddi:f7e07130-1e2c-11e0-a2b6-94de0f30a4a4</cs:owner>
      <cs:classifiedObject>uddi:b56de316-9c91-11e8-8320-d335070d48a3</cs:classifiedObject>
      <cs:concept>uddi:2a75b387-6f7b-11dd-9440-b42f99d4f7fb</cs:concept>
    </cs:classification>
  </cs:classifications>
  <cs:majorVersion>1</cs:majorVersion>
  <cs:minorVersion>0</cs:minorVersion>
  <cs:stability>DYNAMIC</cs:stability>
  <cs:status>SUBMITTED</cs:status>
  <cs:instanceSlots>
    <ParameterValue xmlns="" type="string">SSN</ParameterValue>
  </cs:instanceSlots>
</PolicyParameter>