<auditableEvent xmlns="http://namespaces.CentraSite.com/Schema/jaxr">
  <key>uddi:b5762076-9c91-11e8-8320-b21665e65b84</key>
  <owner>uddi:f7e07130-1e2c-11e0-a2b6-94de0f30a4a4</owner>
  <registryObjects>
    <registryObject>uddi:b56de316-9c91-11e8-8320-d335070d48a3</registryObject>
    <registryObject>uddi:b56ecd76-9c91-11e8-8320-f736aa1bf223</registryObject>
    <registryObject>uddi:b56de316-9c91-11e8-8320-aa7d3f63830f</registryObject>
  </registryObjects>
  <eventType>CREATED</eventType>
  <timeStamp>2018-08-10T17:07:06.286+05:30</timeStamp>
</auditableEvent>