<PolicyActionParameter xmlns="http://namespaces.CentraSite.com/Schema" xmlns:cs="http://namespaces.CentraSite.com/Schema/jaxr" crt="2018-08-10T16:27:01.89+05:30" mod="2018-08-10T16:27:01.89+05:30">
  <cs:key v2Key="1c4c0a72-9c8c-11e8-ad63-e1b4463401e3">uddi:1c4c0a72-9c8c-11e8-ad63-e1b4463401e3</cs:key>
  <cs:owner>uddi:f7e07130-1e2c-11e0-a2b6-94de0f30a4a4</cs:owner>
  <cs:name>
    <cs:localString xml:lang="en-US">SSN Taxonomy Node</cs:localString>
  </cs:name>
  <cs:description>
    <cs:localString xml:lang="en-US"/>
  </cs:description>
  <cs:submittingOrganization>uddi:207ff1cc-25c5-544c-415c-5d98ea91060c</cs:submittingOrganization>
  <cs:classifications>
    <cs:classification crt="2018-08-10T16:27:01.89+05:30" mod="2018-08-10T16:27:01.89+05:30">
      <cs:key v2Key="1c4c0a72-9c8c-11e8-ad63-955371bc081d">uddi:1c4c0a72-9c8c-11e8-ad63-955371bc081d</cs:key>
      <cs:owner>uddi:f7e07130-1e2c-11e0-a2b6-94de0f30a4a4</cs:owner>
      <cs:classifiedObject>uddi:1c4c0a72-9c8c-11e8-ad63-e1b4463401e3</cs:classifiedObject>
      <cs:concept>uddi:b7651117-6f7a-11dd-9440-a9cc23022ac5</cs:concept>
    </cs:classification>
  </cs:classifications>
  <cs:majorVersion>1</cs:majorVersion>
  <cs:minorVersion>0</cs:minorVersion>
  <cs:stability>DYNAMIC</cs:stability>
  <cs:status>SUBMITTED</cs:status>
  <type type="string">Taxonomy Node</type>
  <isArray type="boolean">false</isArray>
  <isRequired type="boolean">false</isRequired>
</PolicyActionParameter>