<concept xmlns="http://namespaces.CentraSite.com/Schema/jaxr" scheme="uddi:0fddb178-750b-11dd-b203-9b39fd6891ec" crt="2018-08-10T16:25:40.931+05:30" mod="2018-08-10T16:25:40.931+05:30">
  <key v2Key="ec0a5f62-9c8b-11e8-ad63-d436a9b889a2">uddi:ec0a5f62-9c8b-11e8-ad63-d436a9b889a2</key>
  <owner>uddi:f7e07130-1e2c-11e0-a2b6-94de0f30a4a4</owner>
  <name>
    <localString xml:lang="en-US">BankOfAmerica</localString>
  </name>
  <description>
    <localString xml:lang="en-US"/>
  </description>
  <submittingOrganization>uddi:207ff1cc-25c5-544c-415c-5d98ea91060c</submittingOrganization>
  <classifications>
    <classification crt="2018-08-10T16:25:40.931+05:30" mod="2018-08-10T16:25:40.931+05:30">
      <key v2Key="ec0ad492-9c8b-11e8-ad63-c9961a73e183">uddi:ec0ad492-9c8b-11e8-ad63-c9961a73e183</key>
      <owner>uddi:f7e07130-1e2c-11e0-a2b6-94de0f30a4a4</owner>
      <classifiedObject>uddi:ec0a5f62-9c8b-11e8-ad63-d436a9b889a2</classifiedObject>
      <concept>uddi:6a7adb08-8e3f-94f3-5053-3fc4ace48823</concept>
    </classification>
  </classifications>
  <value>BankOfAmerica</value>
  <parent>uddi:7d2f6168-750b-11dd-b203-bad3a5abfdb1</parent>
</concept>