<auditableEvent xmlns="http://namespaces.CentraSite.com/Schema/jaxr">
  <key>uddi:b5762076-9c91-11e8-8320-afed548371b2</key>
  <owner>uddi:f7e07130-1e2c-11e0-a2b6-94de0f30a4a4</owner>
  <registryObjects>
    <registryObject>uddi:b570c946-9c91-11e8-8320-cc0b741547ab</registryObject>
    <registryObject>uddi:b570c946-9c91-11e8-8320-ebf5ce352f67</registryObject>
    <registryObject>uddi:b570c946-9c91-11e8-8320-aaed9ae5464f</registryObject>
    <registryObject>uddi:b570c946-9c91-11e8-8320-a47a30d1368c</registryObject>
  </registryObjects>
  <eventType>CREATED</eventType>
  <timeStamp>2018-08-10T17:07:06.305+05:30</timeStamp>
</auditableEvent>