<extrinsicObject xmlns="http://namespaces.CentraSite.com/Schema/jaxr" crt="2018-08-13T11:08:46.779+05:30" mod="2018-08-13T11:08:46.779+05:30">
  <key v2Key="25f1e51e-9ebb-11e8-aa87-f293f62b086a">uddi:25f1e51e-9ebb-11e8-aa87-f293f62b086a</key>
  <owner>uddi:f7e07130-1e2c-11e0-a2b6-94de0f30a4a4</owner>
  <name>
    <localString xml:lang="en-US">ssnclassifier.zip</localString>
  </name>
  <submittingOrganization>uddi:207ff1cc-25c5-544c-415c-5d98ea91060c</submittingOrganization>
  <classifications>
    <classification crt="2018-08-13T11:08:46.779+05:30" mod="2018-08-13T11:08:46.779+05:30">
      <key v2Key="25f6a00e-9ebb-11e8-aa87-dcc40e3bd278">uddi:25f6a00e-9ebb-11e8-aa87-dcc40e3bd278</key>
      <owner>uddi:f7e07130-1e2c-11e0-a2b6-94de0f30a4a4</owner>
      <classifiedObject>uddi:25f1e51e-9ebb-11e8-aa87-f293f62b086a</classifiedObject>
      <concept>uddi:660c624b-d550-72b0-1534-747663517a6e</concept>
    </classification>
  </classifications>
  <majorVersion>1</majorVersion>
  <minorVersion>0</minorVersion>
  <stability>DYNAMIC</stability>
  <status>SUBMITTED</status>
  <repositoryItem>uddi:25f42f0e-9ebb-11e8-aa87-82fd4349e279</repositoryItem>
</extrinsicObject>