<auditableEvent xmlns="http://namespaces.CentraSite.com/Schema/jaxr">
  <key>uddi:f73f93d4-9c8d-11e8-ad63-f7e248c897e1</key>
  <owner>uddi:f7e07130-1e2c-11e0-a2b6-94de0f30a4a4</owner>
  <registryObjects>
    <registryObject>uddi:f715c4b4-9c8d-11e8-ad63-95d172377927</registryObject>
    <registryObject>uddi:f716d624-9c8d-11e8-ad63-bf44a59a93d1</registryObject>
    <registryObject>uddi:f716fd34-9c8d-11e8-ad63-e1ce442d94d0</registryObject>
    <registryObject>uddi:f715ebc4-9c8d-11e8-ad63-854386c4c380</registryObject>
    <registryObject>uddi:f71612d4-9c8d-11e8-ad63-c5d79d14eb69</registryObject>
    <registryObject>uddi:f716fd34-9c8d-11e8-ad63-813747df1a8c</registryObject>
    <registryObject>uddi:f72f6734-9c8d-11e8-ad63-e96992c89dd2</registryObject>
    <registryObject>uddi:f72f6734-9c8d-11e8-ad63-d698968b6c2c</registryObject>
    <registryObject>uddi:f73f93d4-9c8d-11e8-ad63-b357ef72e696</registryObject>
  </registryObjects>
  <eventType>CREATED</eventType>
  <timeStamp>2018-08-10T16:40:18.452+05:30</timeStamp>
</auditableEvent>