<auditableEvent xmlns="http://namespaces.CentraSite.com/Schema/jaxr">
  <key>uddi:f72f6734-9c8d-11e8-ad63-b874a378fed5</key>
  <owner>uddi:f7e07130-1e2c-11e0-a2b6-94de0f30a4a4</owner>
  <registryObject>uddi:f715c4b4-9c8d-11e8-ad63-95d172377927</registryObject>
  <eventType>LCSTATECHANGE</eventType>
  <timeStamp>2018-08-10T16:40:18.62+05:30</timeStamp>
  <instanceSlots>
    <Comment xmlns="">Initial lifecycle state set to "New"</Comment>
    <nextLCState xmlns="http://namespaces.CentraSite.com/Schema">uddi:d1659719-14f2-11dd-860f-fcdce996062d</nextLCState>
  </instanceSlots>
</auditableEvent>