<auditableEvent xmlns="http://namespaces.CentraSite.com/Schema/jaxr">
  <key>uddi:fd395432-9c8b-11e8-ad63-fa9224300532</key>
  <owner>uddi:f7e07130-1e2c-11e0-a2b6-94de0f30a4a4</owner>
  <registryObjects>
    <registryObject>uddi:fd1b6bf2-9c8b-11e8-ad63-d598b5777332</registryObject>
    <registryObject>uddi:fd1bba12-9c8b-11e8-ad63-e16e41777c5c</registryObject>
    <registryObject>uddi:fd1f6392-9c8b-11e8-ad63-9a6beadcc8dc</registryObject>
    <registryObject>uddi:fd1b6bf2-9c8b-11e8-ad63-b5c769990756</registryObject>
    <registryObject>uddi:fd1b9302-9c8b-11e8-ad63-cee11069807a</registryObject>
    <registryObject>uddi:fd1bba12-9c8b-11e8-ad63-e2a1768fbb23</registryObject>
    <registryObject>uddi:fd1be122-9c8b-11e8-ad63-ac1165339668</registryObject>
  </registryObjects>
  <eventType>CREATED</eventType>
  <timeStamp>2018-08-10T16:26:09.562+05:30</timeStamp>
</auditableEvent>