<Policy xmlns="http://namespaces.CentraSite.com/Schema" xmlns:cs="http://namespaces.CentraSite.com/Schema/jaxr" crt="2018-08-10T16:40:18.452+05:30" mod="2018-08-10T17:07:14.662+05:30">
  <cs:key v2Key="f715c4b4-9c8d-11e8-ad63-95d172377927">uddi:f715c4b4-9c8d-11e8-ad63-95d172377927</cs:key>
  <cs:owner>uddi:f7e07130-1e2c-11e0-a2b6-94de0f30a4a4</cs:owner>
  <cs:name>
    <cs:localString xml:lang="en-US">SSN REST Classifier for BofA</cs:localString>
  </cs:name>
  <cs:description>
    <cs:localString xml:lang="en-US"/>
  </cs:description>
  <cs:submittingOrganization>uddi:207ff1cc-25c5-544c-415c-5d98ea91060c</cs:submittingOrganization>
  <cs:associations>
    <cs:association confirmedBySourceOwner="true" confirmedByTargetOwner="true" crt="2018-08-10T16:40:18.452+05:30" mod="2018-08-10T16:40:18.452+05:30">
      <cs:key v2Key="f716d624-9c8d-11e8-ad63-bf44a59a93d1">uddi:f716d624-9c8d-11e8-ad63-bf44a59a93d1</cs:key>
      <cs:owner>uddi:f7e07130-1e2c-11e0-a2b6-94de0f30a4a4</cs:owner>
      <cs:associationType>uddi:750a686a-015f-11dd-9919-bdfe2f7c72a1</cs:associationType>
      <cs:sourceObject>uddi:f715c4b4-9c8d-11e8-ad63-95d172377927</cs:sourceObject>
      <cs:targetObject>uddi:4bfe8ff6-5748-11df-8f93-e10301966579</cs:targetObject>
    </cs:association>
    <cs:association confirmedBySourceOwner="true" confirmedByTargetOwner="true" crt="2018-08-10T17:06:51.245+05:30" mod="2018-08-10T17:07:06.34+05:30">
      <cs:key v2Key="ac69d7b6-9c91-11e8-8320-9c6fe9c733d2">uddi:ac69d7b6-9c91-11e8-8320-9c6fe9c733d2</cs:key>
      <cs:owner>uddi:f7e07130-1e2c-11e0-a2b6-94de0f30a4a4</cs:owner>
      <cs:associations>
        <cs:association confirmedBySourceOwner="true" confirmedByTargetOwner="true" crt="2018-08-10T17:07:06.34+05:30" mod="2018-08-10T17:07:06.34+05:30">
          <cs:key v2Key="b5718c96-9c91-11e8-8320-c18a74139ffb">uddi:b5718c96-9c91-11e8-8320-c18a74139ffb</cs:key>
          <cs:owner>uddi:f7e07130-1e2c-11e0-a2b6-94de0f30a4a4</cs:owner>
          <cs:associationType>uddi:6a003c8f-9c16-f387-c674-0ea93a99dc87</cs:associationType>
          <cs:sourceObject>uddi:ac69d7b6-9c91-11e8-8320-9c6fe9c733d2</cs:sourceObject>
          <cs:targetObject>uddi:b56de316-9c91-11e8-8320-d335070d48a3</cs:targetObject>
        </cs:association>
        <cs:association confirmedBySourceOwner="true" confirmedByTargetOwner="true" crt="2018-08-10T17:07:06.34+05:30" mod="2018-08-10T17:07:06.34+05:30">
          <cs:key v2Key="b5718c96-9c91-11e8-8320-bc7e5466f74b">uddi:b5718c96-9c91-11e8-8320-bc7e5466f74b</cs:key>
          <cs:owner>uddi:f7e07130-1e2c-11e0-a2b6-94de0f30a4a4</cs:owner>
          <cs:associationType>uddi:6a003c8f-9c16-f387-c674-0ea93a99dc87</cs:associationType>
          <cs:sourceObject>uddi:ac69d7b6-9c91-11e8-8320-9c6fe9c733d2</cs:sourceObject>
          <cs:targetObject>uddi:b570c946-9c91-11e8-8320-cc0b741547ab</cs:targetObject>
        </cs:association>
      </cs:associations>
      <cs:associationType>uddi:6a003c8f-9c16-f387-c674-0ea93a99dc87</cs:associationType>
      <cs:sourceObject>uddi:f715c4b4-9c8d-11e8-ad63-95d172377927</cs:sourceObject>
      <cs:targetObject>uddi:fd1b6bf2-9c8b-11e8-ad63-d598b5777332</cs:targetObject>
    </cs:association>
  </cs:associations>
  <cs:classifications>
    <cs:classification crt="2018-08-10T16:40:18.452+05:30" mod="2018-08-10T16:40:18.452+05:30">
      <cs:key v2Key="f715ebc4-9c8d-11e8-ad63-854386c4c380">uddi:f715ebc4-9c8d-11e8-ad63-854386c4c380</cs:key>
      <cs:owner>uddi:f7e07130-1e2c-11e0-a2b6-94de0f30a4a4</cs:owner>
      <cs:classifiedObject>uddi:f715c4b4-9c8d-11e8-ad63-95d172377927</cs:classifiedObject>
      <cs:concept>uddi:50573c17-6f6f-11dd-9440-82f677867411</cs:concept>
    </cs:classification>
    <cs:classification crt="2018-08-10T16:40:18.452+05:30" mod="2018-08-10T16:40:18.452+05:30">
      <cs:key v2Key="f71612d4-9c8d-11e8-ad63-c5d79d14eb69">uddi:f71612d4-9c8d-11e8-ad63-c5d79d14eb69</cs:key>
      <cs:owner>uddi:f7e07130-1e2c-11e0-a2b6-94de0f30a4a4</cs:owner>
      <cs:classifiedObject>uddi:f715c4b4-9c8d-11e8-ad63-95d172377927</cs:classifiedObject>
      <cs:concept>uddi:7d2f6168-750b-11dd-b203-bad3a5abfdb1</cs:concept>
    </cs:classification>
    <cs:classification crt="2018-08-10T16:40:18.452+05:30" mod="2018-08-10T16:40:18.452+05:30">
      <cs:key v2Key="f716fd34-9c8d-11e8-ad63-813747df1a8c">uddi:f716fd34-9c8d-11e8-ad63-813747df1a8c</cs:key>
      <cs:owner>uddi:f7e07130-1e2c-11e0-a2b6-94de0f30a4a4</cs:owner>
      <cs:classifiedObject>uddi:f715c4b4-9c8d-11e8-ad63-95d172377927</cs:classifiedObject>
      <cs:concept>uddi:dc73d648-7508-11dd-b203-c1002cdcdc11</cs:concept>
    </cs:classification>
    <cs:classification crt="2018-08-10T16:40:18.452+05:30" mod="2018-08-10T17:07:14.498+05:30">
      <cs:key v2Key="f72f6734-9c8d-11e8-ad63-e96992c89dd2">uddi:f72f6734-9c8d-11e8-ad63-e96992c89dd2</cs:key>
      <cs:owner>uddi:f7e07130-1e2c-11e0-a2b6-94de0f30a4a4</cs:owner>
      <cs:classifications>
        <cs:classification crt="2018-08-10T16:40:18.452+05:30" mod="2018-08-10T16:40:18.452+05:30">
          <cs:key v2Key="f72f6734-9c8d-11e8-ad63-d698968b6c2c">uddi:f72f6734-9c8d-11e8-ad63-d698968b6c2c</cs:key>
          <cs:owner>uddi:f7e07130-1e2c-11e0-a2b6-94de0f30a4a4</cs:owner>
          <cs:classifiedObject>uddi:f72f6734-9c8d-11e8-ad63-e96992c89dd2</cs:classifiedObject>
          <cs:concept>uddi:054b1e91-0160-11dd-a6f1-98ffe58bead2</cs:concept>
        </cs:classification>
      </cs:classifications>
      <cs:classifiedObject>uddi:f715c4b4-9c8d-11e8-ad63-95d172377927</cs:classifiedObject>
      <cs:concept>uddi:d14dc959-14f2-11dd-860f-ab4a1ad07007</cs:concept>
    </cs:classification>
    <cs:classification crt="2018-08-10T17:07:14.662+05:30" mod="2018-08-10T17:07:14.662+05:30">
      <cs:key v2Key="ba687426-9c91-11e8-8320-ad7262093f46">uddi:ba687426-9c91-11e8-8320-ad7262093f46</cs:key>
      <cs:owner>uddi:f7e07130-1e2c-11e0-a2b6-94de0f30a4a4</cs:owner>
      <cs:classifiedObject>uddi:f715c4b4-9c8d-11e8-ad63-95d172377927</cs:classifiedObject>
      <cs:concept>uddi:62410da4-ef68-11dc-a886-8d8e456028eb</cs:concept>
    </cs:classification>
  </cs:classifications>
  <cs:majorVersion>1</cs:majorVersion>
  <cs:minorVersion>0</cs:minorVersion>
  <cs:userVersion/>
  <cs:stability>DYNAMIC</cs:stability>
  <cs:status>SUBMITTED</cs:status>
  <priority type="integer">11</priority>
  <evaluationMode type="string">Sequential</evaluationMode>
  <global type="boolean">false</global>
</Policy>