<classificationScheme xmlns="http://namespaces.CentraSite.com/Schema/jaxr" external="false" crt="2018-08-10T16:44:14.185+05:30" mod="2018-08-10T16:44:55.638+05:30">
  <key v2Key="8397c993-9c8e-11e8-80a4-d6cf8c3292db">uddi:8397c993-9c8e-11e8-80a4-d6cf8c3292db</key>
  <owner>uddi:f7e07130-1e2c-11e0-a2b6-94de0f30a4a4</owner>
  <name>
    <localString xml:lang="en-US">Bank of America Taxonomy</localString>
  </name>
  <description>
    <localString xml:lang="en-US">Taxonomy containing categories for Bank of America</localString>
  </description>
  <submittingOrganization>uddi:207ff1cc-25c5-544c-415c-5d98ea91060c</submittingOrganization>
  <classifications>
    <classification crt="2018-08-10T16:44:14.185+05:30" mod="2018-08-10T16:44:14.185+05:30">
      <key v2Key="8397f0a3-9c8e-11e8-80a4-887834198990">uddi:8397f0a3-9c8e-11e8-80a4-887834198990</key>
      <owner>uddi:f7e07130-1e2c-11e0-a2b6-94de0f30a4a4</owner>
      <classifiedObject>uddi:8397c993-9c8e-11e8-80a4-d6cf8c3292db</classifiedObject>
      <concept>uddi:77fd3433-431e-7d6a-57a8-5eef113699f1</concept>
    </classification>
    <classification crt="2018-08-10T16:44:14.185+05:30" mod="2018-08-10T16:44:14.185+05:30">
      <key v2Key="8397f0a3-9c8e-11e8-80a4-caf54b96fe01">uddi:8397f0a3-9c8e-11e8-80a4-caf54b96fe01</key>
      <owner>uddi:f7e07130-1e2c-11e0-a2b6-94de0f30a4a4</owner>
      <classifiedObject>uddi:8397c993-9c8e-11e8-80a4-d6cf8c3292db</classifiedObject>
      <concept>uddi:ff2bfeb3-8fa2-11dd-8f14-e240af90e20d</concept>
    </classification>
    <classification crt="2018-08-10T16:44:53.335+05:30" mod="2018-08-10T16:44:53.335+05:30">
      <key v2Key="9ae6e3b3-9c8e-11e8-80a4-b22576ca2005">uddi:9ae6e3b3-9c8e-11e8-80a4-b22576ca2005</key>
      <owner>uddi:f7e07130-1e2c-11e0-a2b6-94de0f30a4a4</owner>
      <classifiedObject>uddi:8397c993-9c8e-11e8-80a4-d6cf8c3292db</classifiedObject>
      <concept>uddi:ff2bfeb3-8fa2-11dd-8f14-e240af90e20d</concept>
    </classification>
    <classification crt="2018-08-10T16:44:55.638+05:30" mod="2018-08-10T16:44:55.638+05:30">
      <key v2Key="9c484873-9c8e-11e8-80a4-d33fa2015494">uddi:9c484873-9c8e-11e8-80a4-d33fa2015494</key>
      <owner>uddi:f7e07130-1e2c-11e0-a2b6-94de0f30a4a4</owner>
      <classifiedObject>uddi:8397c993-9c8e-11e8-80a4-d6cf8c3292db</classifiedObject>
      <concept>uddi:ff2bfeb3-8fa2-11dd-8f14-e240af90e20d</concept>
    </classification>
  </classifications>
  <majorVersion>1</majorVersion>
  <minorVersion>0</minorVersion>
  <stability>DYNAMIC</stability>
  <status>SUBMITTED</status>
  <valueType>UNIQUE</valueType>
</classificationScheme>