<auditableEvent xmlns="http://namespaces.CentraSite.com/Schema/jaxr">
  <key>uddi:83a1b4a3-9c8e-11e8-80a4-eccb7f4ebe9b</key>
  <owner>uddi:f7e07130-1e2c-11e0-a2b6-94de0f30a4a4</owner>
  <registryObjects>
    <registryObject>uddi:8397c993-9c8e-11e8-80a4-d6cf8c3292db</registryObject>
    <registryObject>uddi:8397f0a3-9c8e-11e8-80a4-887834198990</registryObject>
    <registryObject>uddi:8397f0a3-9c8e-11e8-80a4-caf54b96fe01</registryObject>
  </registryObjects>
  <eventType>CREATED</eventType>
  <timeStamp>2018-08-10T16:44:14.185+05:30</timeStamp>
</auditableEvent>