<concept xmlns="http://namespaces.CentraSite.com/Schema/jaxr" scheme="uddi:8397c993-9c8e-11e8-80a4-d6cf8c3292db" crt="2018-08-10T16:44:51.397+05:30" mod="2018-08-10T16:44:51.397+05:30">
  <key v2Key="99c4d1e3-9c8e-11e8-80a4-813b7ec60e5e">uddi:99c4d1e3-9c8e-11e8-80a4-813b7ec60e5e</key>
  <owner>uddi:f7e07130-1e2c-11e0-a2b6-94de0f30a4a4</owner>
  <name>
    <localString xml:lang="en-US">Loan Related</localString>
  </name>
  <description>
    <localString xml:lang="en-US"/>
  </description>
  <submittingOrganization>uddi:207ff1cc-25c5-544c-415c-5d98ea91060c</submittingOrganization>
  <classifications>
    <classification crt="2018-08-10T16:44:51.397+05:30" mod="2018-08-10T16:44:51.397+05:30">
      <key v2Key="99c5e353-9c8e-11e8-80a4-8c0e21b86653">uddi:99c5e353-9c8e-11e8-80a4-8c0e21b86653</key>
      <owner>uddi:f7e07130-1e2c-11e0-a2b6-94de0f30a4a4</owner>
      <classifiedObject>uddi:99c4d1e3-9c8e-11e8-80a4-813b7ec60e5e</classifiedObject>
      <concept>uddi:6a7adb08-8e3f-94f3-5053-3fc4ace48823</concept>
    </classification>
  </classifications>
  <value>Loan Related</value>
  <parent>uddi:8397c993-9c8e-11e8-80a4-d6cf8c3292db</parent>
</concept>