<concept xmlns="http://namespaces.CentraSite.com/Schema/jaxr" scheme="uddi:8397c993-9c8e-11e8-80a4-d6cf8c3292db" crt="2018-08-10T16:44:28.359+05:30" mod="2018-08-10T16:44:28.359+05:30">
  <key v2Key="8c0a1c43-9c8e-11e8-80a4-fde0251400d5">uddi:8c0a1c43-9c8e-11e8-80a4-fde0251400d5</key>
  <owner>uddi:f7e07130-1e2c-11e0-a2b6-94de0f30a4a4</owner>
  <name>
    <localString xml:lang="en-US">SSN related</localString>
  </name>
  <description>
    <localString xml:lang="en-US">SSN related</localString>
  </description>
  <submittingOrganization>uddi:207ff1cc-25c5-544c-415c-5d98ea91060c</submittingOrganization>
  <classifications>
    <classification crt="2018-08-10T16:44:28.359+05:30" mod="2018-08-10T16:44:28.359+05:30">
      <key v2Key="8c0a9173-9c8e-11e8-80a4-8522b7738443">uddi:8c0a9173-9c8e-11e8-80a4-8522b7738443</key>
      <owner>uddi:f7e07130-1e2c-11e0-a2b6-94de0f30a4a4</owner>
      <classifiedObject>uddi:8c0a1c43-9c8e-11e8-80a4-fde0251400d5</classifiedObject>
      <concept>uddi:6a7adb08-8e3f-94f3-5053-3fc4ace48823</concept>
    </classification>
  </classifications>
  <value>SSN related</value>
  <parent>uddi:8397c993-9c8e-11e8-80a4-d6cf8c3292db</parent>
</concept>